"name","gender","country_id","language_id","probability","count"
"LEILA-MAGDALENA",NA,NA,NA,0,0
"SKARLET","female",NA,NA,0.99,398
"OLIVER","male",NA,NA,1,159576
"ABRAHAN","male",NA,NA,0.99,2192
"MAYRENE","female",NA,NA,1,199
"IRMA","female",NA,NA,1,69814
"DAMIAN","male",NA,NA,1,115447
"AQUILES","male",NA,NA,1,5115
"JESICA","female",NA,NA,1,17944
"YAELIS","female",NA,NA,1,33
"RUTH","female",NA,NA,1,251245
"ESTRELLA-MARIA",NA,NA,NA,0,0
"SILFIA","female",NA,NA,1,14
"JOSUE","male",NA,NA,1,50495
"FRANK","male",NA,NA,1,531783
"EFREN","male",NA,NA,1,13714
"ERIKA","female",NA,NA,1,278293
"DAMELYS","female",NA,NA,0.9,10
"ERWY","male",NA,NA,1,2
"YOVANA","female",NA,NA,1,3144
"MABEL","female",NA,NA,1,38229
"ELEOMAR","male",NA,NA,1,1
"DAYRA","female",NA,NA,1,1812
"ANA","female",NA,NA,1,1436996
"COROMOTO","female",NA,NA,0.98,90
"EMILY","female",NA,NA,1,381904
"ELBA","female",NA,NA,0.92,969
"EYLEN","female",NA,NA,0.92,24
"ERISMAR","female",NA,NA,0.5,6
"EYERLIN","female",NA,NA,1,3
"MARIO","male",NA,NA,1,602458
"JOHANNY","female",NA,NA,0.66,390
"MARYORI","female",NA,NA,1,2334
"ALY","male",NA,NA,0.57,7913
"WILEYDI",NA,NA,NA,0,0
"ARANTXA","female",NA,NA,1,12198
"JESUS","male",NA,NA,1,302434
"ALEXANDER","male",NA,NA,1,444831
"GUSTAVO","male",NA,NA,1,284908
"CARLOS","male",NA,NA,1,1388498
"MARIA","female",NA,NA,1,2687884
"ADRIANNY","female",NA,NA,1,216
"ALBERTINA","female",NA,NA,0.99,4552
"JOYCE","female",NA,NA,1,204855
"JOUSVET",NA,NA,NA,0,0
"CESAR","male",NA,NA,1,229602
"CLARIANA","female",NA,NA,1,7
"GLADYS","female",NA,NA,1,83329
"BRISMARY",NA,NA,NA,0,0
"MAIRA","female",NA,NA,1,22896
"YUELVIS",NA,NA,NA,0,0
"FELIX","male",NA,NA,1,159290
"ISAIAS","male",NA,NA,1,18426
"OMAR","male",NA,NA,1,310866
"YORGELIS","female",NA,NA,1,257
"KAREN","female",NA,NA,1,765351
"MIGUEL","male",NA,NA,1,657211
"JESSICA","female",NA,NA,1,907046
"RICHARD","male",NA,NA,1,961211
"YOHANA","female",NA,NA,0.99,11215
"CARMEN","female",NA,NA,0.98,112109
"LUCILA-MARGARITA",NA,NA,NA,0,0
"JOSE","male",NA,NA,0.99,1695291
"CELIA","female",NA,NA,1,82045
"DAYANA","female",NA,NA,1,34456
"RAFAEL","male",NA,NA,1,434102
"MAYBELIN","female",NA,NA,1,112
"ROGERS","male",NA,NA,1,5424
"AVELINA","female",NA,NA,1,1943
"SONIA","female",NA,NA,0.99,393644
"MERILYS","female",NA,NA,1,1
"ISMAEL","male",NA,NA,1,85392
"ELIUD","male",NA,NA,1,4290
"YARIANNYS","female",NA,NA,1,1
"ISBEL","female",NA,NA,0.97,457
"MOISES","male",NA,NA,1,53725
"LAYDI","female",NA,NA,0.89,63
"WILMER","male",NA,NA,0.99,2250
"AMALIA","female",NA,NA,1,35398
"VERONICA","female",NA,NA,1,308220
"ALXIMAR",NA,NA,NA,0,0
"LEANDRA","female",NA,NA,1,12036
"KARINA","female",NA,NA,1,208618
"YURIANNYS","female",NA,NA,1,5
"YULIANNY","female",NA,NA,1,19
"LUIS","male",NA,NA,1,1125162
"ANEUDYS","male",NA,NA,1,22
"YOJESMAR",NA,NA,NA,0,0
"JERYLEE",NA,NA,NA,0,0
"ANGELICA","female",NA,NA,1,130823
"ELIZABETH","female",NA,NA,1,588821
"JULIETH","female",NA,NA,1,9341
"ROSA","female",NA,NA,1,328509
"ERWIN","male",NA,NA,1,62310
"RUSBELY","female",NA,NA,1,1
"YASDISVEL",NA,NA,NA,0,0
"LUISANA","female",NA,NA,1,3959
"HAILYT",NA,NA,NA,0,0
"DAINA","female",NA,NA,0.99,4407
"ORMARY",NA,NA,NA,0,0
"MARIER","female",NA,NA,0.69,32
"DENISES","female",NA,NA,1,9
"ISOLDA-MILAGROS",NA,NA,NA,0,0
"NORKA","female",NA,NA,0.9,145
"ALICE","female",NA,NA,1,277052
"STEPHANI","female",NA,NA,1,4792
"MAIDOLYN",NA,NA,NA,0,0
"YUSLEIDY","female",NA,NA,1,17
"RUHEISBERT",NA,NA,NA,0,0
"JOSELIX","male",NA,NA,1,2
"GENESIS","female",NA,NA,0.7,2175
"JUHNNYCER",NA,NA,NA,0,0
"KELINE","female",NA,NA,0.98,57
"PEDRO","male",NA,NA,1,618003
"LISBELKYS",NA,NA,NA,0,0
"PAULA-JULIANY",NA,NA,NA,0,0
"SANDRA","female",NA,NA,1,980774
"YOANNIS","male",NA,NA,0.8,10
"GREYS","female",NA,NA,0.98,930
"HOMERO","male",NA,NA,1,7992
"NEY","male",NA,NA,0.96,7054
"ALBERTO","male",NA,NA,1,421331
"BEATRIZ","female",NA,NA,1,203685
"ROANGELIS",NA,NA,NA,0,0
"KATIUSKA","female",NA,NA,1,4380
"JAYRUBI",NA,NA,NA,0,0
"LUCMAR","male",NA,NA,1,3
"VERUSKA","female",NA,NA,0.99,599
"NUBIA","female",NA,NA,1,18381
"OSNEP","male",NA,NA,1,1
"LISBETH","female",NA,NA,1,28537
"SOLMARIA","female",NA,NA,1,14
"ELVIS","male",NA,NA,0.99,55164
"DANIELYS","female",NA,NA,1,146
"JENNIFER","female",NA,NA,1,941000
"FRANCIS","male",NA,NA,0.94,43310
"YOSELIN","female",NA,NA,1,5919
"HILDA-YAMILET",NA,NA,NA,0,0
"DAYBELIS","female",NA,NA,1,4
"ARISTIDES","male",NA,NA,1,5256
"JAIRAN",NA,NA,NA,0,0
"YASMINA","female",NA,NA,0.99,19719
"SOL","female",NA,NA,0.81,7458
"JANNIS","female",NA,NA,0.6,3212
"MANUEL","male",NA,NA,1,555289
"VICTOR","male",NA,NA,1,587962
"MITSEL","female",NA,NA,0.5,2
"MONICA","female",NA,NA,1,479100
"JUHNNY","female",NA,NA,1,1
"ARIANA","female",NA,NA,1,37802
"BENNY","male",NA,NA,0.98,55870
"GRISMAR","female",NA,NA,1,6
"WENDY","female",NA,NA,1,292725
"YASMELIS","female",NA,NA,1,3
"JOSELIN","female",NA,NA,0.96,5195
"ANMARLY",NA,NA,NA,0,0
"GRICELIS","female",NA,NA,1,2
"DEYVIMAR",NA,NA,NA,0,0
"YURCIBETH",NA,NA,NA,0,0
"NIDIAN","female",NA,NA,1,16
"EGLIS","female",NA,NA,0.78,40
"YURVID",NA,NA,NA,0,0
"YENNIFER","female",NA,NA,1,3831
"CRISMARY","female",NA,NA,1,13
"ANNY","female",NA,NA,0.99,26717
"GERTRUDIS","female",NA,NA,0.99,1242
"LESDY","female",NA,NA,1,8
"JULIE","female",NA,NA,1,621222
"ADRIANA","female",NA,NA,1,368698
"MAIRYN","female",NA,NA,1,73
"YURELVIS",NA,NA,NA,0,0
"GREYSY","female",NA,NA,1,14
"YULEISY","female",NA,NA,1,421
"NORCE","male",NA,NA,0.8,5
"ADELAIDA-DEL-VALLE",NA,NA,NA,0,0
"ELISBED",NA,NA,NA,0,0
"MAIRELIS","female",NA,NA,1,36
"FRANCYS","female",NA,NA,0.96,2288
"JAQUELINE","female",NA,NA,1,65358
"GRACE","female",NA,NA,1,209626
"YOHJANNIS",NA,NA,NA,0,0
"OSMARY","female",NA,NA,1,504
"NUSLEISDYS",NA,NA,NA,0,0
"WILFREDO","male",NA,NA,1,22626
"JOHANNA","female",NA,NA,0.99,133396
"MARVIN","male",NA,NA,1,91611
"MARYELIS","female",NA,NA,1,16
"YESIKA","female",NA,NA,1,2646
"CRISDERLIN","female",NA,NA,1,1
"LUZ","female",NA,NA,0.97,13442
"JHONNY","male",NA,NA,1,25420
"DARWIN","male",NA,NA,1,33681
"GLEIVER","male",NA,NA,1,2
"PABLO","male",NA,NA,1,362232
"NEDSI","male",NA,NA,1,1
"DOUGLENIS",NA,NA,NA,0,0
"ROSALIA","female",NA,NA,1,18152
"WILLIAMS","male",NA,NA,0.99,30368
"FRANCISCO","male",NA,NA,1,612988
"ISABEL","female",NA,NA,1,268862
"YOHANDRY","male",NA,NA,0.98,113
"INGRID","female",NA,NA,1,179816
"SAMUEL","male",NA,NA,1,396651
"MERLYN","female",NA,NA,0.8,439
"LUISENNY",NA,NA,NA,0,0
"RONNY","male",NA,NA,0.98,16300
"KENDRIS","female",NA,NA,0.6,5
"ALEJANDRA","female",NA,NA,1,193700
"BELKYS","female",NA,NA,1,3077
"SKARLETH","female",NA,NA,1,313
"IRIANGEL",NA,NA,NA,0,0
"DANIELA-MARIA","female",NA,NA,1,10
"MAGDALENA","female",NA,NA,0.99,179335
"ARMANDO","male",NA,NA,1,130474
"JHOPMI",NA,NA,NA,0,0
"DAYERLIS",NA,NA,NA,0,0
"HENDRIK","male",NA,NA,1,26618
"MARISOL","female",NA,NA,1,69643
"GREGORIA","female",NA,NA,1,2174
"OSMARIS","female",NA,NA,1,1
"DELIA","female",NA,NA,1,41004
"MARIELBA","female",NA,NA,0.95,20
"KEILA-TIBISAY",NA,NA,NA,0,0
"MAYERLIN","female",NA,NA,1,1883
"YOLANDA-JOSE","male",NA,NA,1,1
"MARVINA","female",NA,NA,0.99,363
"YAMIEL","male",NA,NA,1,5
"THAIS","female",NA,NA,1,58408
"PETRA","female",NA,NA,0.99,195779
"CIRMAR",NA,NA,NA,0,0
"PASTORA","female",NA,NA,0.98,316
"YAMALI","female",NA,NA,0.65,17
"ANGELY","female",NA,NA,0.99,2242
"YOSYELITH",NA,NA,NA,0,0
"DANIANGELYS",NA,NA,NA,0,0
"CINDY","female",NA,NA,1,386313
"JACBERTO",NA,NA,NA,0,0
"ANDREINA","female",NA,NA,0.98,1823
"DANIELA","female",NA,NA,1,463559
"KRISBEL","female",NA,NA,1,2
"OMAIRA","female",NA,NA,1,5177
"YAIDIMARYS",NA,NA,NA,0,0
"AMERICA","female",NA,NA,0.84,637
"DAYALISKA",NA,NA,NA,0,0
"AMBAR","female",NA,NA,0.98,7425
"DANIEL","male",NA,NA,1,1725175
"ESTHER","female",NA,NA,1,217740
"LUDWING","male",NA,NA,1,1231
"YENNES","male",NA,NA,0.67,3
"NAYLMARY",NA,NA,NA,0,0
"ALBY","male",NA,NA,0.91,3326
"YENIFER","female",NA,NA,1,6131
"YURY","male",NA,NA,0.83,2011
"YRAIDA-VESTALIA",NA,NA,NA,0,0
"OSWALDO","male",NA,NA,1,30418
"YENIS","female",NA,NA,0.98,1229
"MICAELA-ANTONIA",NA,NA,NA,0,0
"MARBELIS","female",NA,NA,0.97,89
"NORVELIS","female",NA,NA,1,1
"YANETH","female",NA,NA,1,10208
"LIZ","female",NA,NA,1,177287
"DEXIRE","female",NA,NA,1,2
"KATHERINE","female",NA,NA,1,231700
"JOHANA","female",NA,NA,1,35307
"SARAY","female",NA,NA,0.99,12067
"YRENE","female",NA,NA,0.98,167
"YUGLIMAR",NA,NA,NA,0,0
"EMILIANMYS",NA,NA,NA,0,0
"BRENDAIREE",NA,NA,NA,0,0
"DEYSI","female",NA,NA,1,7809
"CHERYL","female",NA,NA,1,221373
"FRANKLIN","male",NA,NA,1,61172
"AURA","female",NA,NA,0.99,23739
"ELIANNY","female",NA,NA,1,570
"ROSANNA","female",NA,NA,1,35242
"GEORGINA","female",NA,NA,1,62276
"NELIDA","female",NA,NA,1,6806
"YURI","male",NA,NA,0.75,10679
"ZUAIDY",NA,NA,NA,0,0
"FRANYERLIS","female",NA,NA,1,1
"JUAN","male",NA,NA,1,1439272
"EUGENIO","male",NA,NA,1,44590
"DENNYS","male",NA,NA,0.84,610
"KHATERIN","female",NA,NA,1,2
"ANTHONNY","male",NA,NA,1,664
"IRIMAR","female",NA,NA,1,3
"RONALD","male",NA,NA,1,239549
"JEFERSON","male",NA,NA,1,29294
"ENNDEN",NA,NA,NA,0,0
"NINOSKA","female",NA,NA,1,4582
"DAVID","male",NA,NA,1,2653329
"YALICZA","female",NA,NA,1,1
"JEAN","female",NA,NA,0.72,678152
"GIORDY","male",NA,NA,0.76,303
"ARIADNA","female",NA,NA,1,17667
"GABRIELA-ANELYN",NA,NA,NA,0,0
"SOLANGER","female",NA,NA,0.86,7
"OLIMAR","male",NA,NA,0.59,27
"EDIMAR","male",NA,NA,0.86,108
"MAURO","male",NA,NA,1,166582
"MARIELCIS",NA,NA,NA,0,0
"JENIFFER","female",NA,NA,1,15225
"ARTURO","male",NA,NA,1,121937
"LAURY","female",NA,NA,0.91,3288
"KARLY","female",NA,NA,0.99,5691
"YORYIMAR",NA,NA,NA,0,0
"JOEL","male",NA,NA,1,282209
"KELVIN","male",NA,NA,1,79403
"LILIBETH","female",NA,NA,1,8046
"DUNESKA","female",NA,NA,1,4
"MAURY","male",NA,NA,0.92,2846
"JHOSMAN","male",NA,NA,0.88,8
"MORALIA","female",NA,NA,0.5,2
"SUGEIDI","female",NA,NA,1,3
"HERNAN","male",NA,NA,1,48458
"EMILIANNYS","female",NA,NA,1,1
"CELESTE","female",NA,NA,0.99,51475
"FLORIMAR","female",NA,NA,1,6
"TEOANIS",NA,NA,NA,0,0
"EMANUEL","male",NA,NA,1,57255
"ISAMAR","female",NA,NA,0.97,338
"LUSBEY",NA,NA,NA,0,0
"ERASMO","male",NA,NA,1,8257
"MANUELA-CAROLINA",NA,NA,NA,0,0
"GABRIEL","male",NA,NA,1,426540
"ANTHONY","male",NA,NA,1,600500
"DULMAR","male",NA,NA,1,2
"JUNYHECMAR",NA,NA,NA,0,0
"BRENDA-DESIREE",NA,NA,NA,0,0
"RAUL","male",NA,NA,1,225397
"JONNY","male",NA,NA,0.99,15715
"DALIER","male",NA,NA,1,4
"LINDA-GIOVANNA",NA,NA,NA,0,0
"LENNYS","female",NA,NA,0.83,60
"HEBER","male",NA,NA,1,8238
"YURLINA","female",NA,NA,1,2
"ELAINE","female",NA,NA,1,204632
"MILEIKA",NA,NA,NA,0,0
"MICHELL","female",NA,NA,0.58,1341
"AURISBEL",NA,NA,NA,0,0
"JENIRE","female",NA,NA,1,9
"YARELVIS","female",NA,NA,1,1
"ROSANA","female",NA,NA,1,59342
"LEYDA-ZULAY",NA,NA,NA,0,0
"RAMON","male",NA,NA,1,131747
"NAIROBI","female",NA,NA,0.82,125
"ERANYELIS",NA,NA,NA,0,0
"FIDELINA","female",NA,NA,1,655
"CRISTINA","female",NA,NA,1,487983
"DAIRENIS","female",NA,NA,1,1
"YLENNI",NA,NA,NA,0,0
"PAULINA","female",NA,NA,0.99,151566
"ANGELA-ALEXANDRA",NA,NA,NA,0,0
"ERICKA","female",NA,NA,1,24994
"KATHERIN","female",NA,NA,1,9335
"KINBERLY","female",NA,NA,0.98,122
"LAURIMAR","female",NA,NA,0.89,18
"CAROLINA","female",NA,NA,1,316711
"YADSYLY",NA,NA,NA,0,0
"JEIMY","female",NA,NA,1,3967
"IRIANIS","female",NA,NA,1,1
"NAYSELIS",NA,NA,NA,0,0
"FRANERLYN",NA,NA,NA,0,0
"YOSELYN","female",NA,NA,1,1932
"ATHENEA","female",NA,NA,0.99,461
"ANGIE","female",NA,NA,1,163660
"JONATHAN","male",NA,NA,1,592425
"KEILAS",NA,NA,NA,0,0
"YORGELYS","female",NA,NA,1,4
"GRYSMAR",NA,NA,NA,0,0
"YULIS","female",NA,NA,0.76,88
"FRANKELIS","male",NA,NA,1,4
"ARIANNY","female",NA,NA,1,1356
"JAIRO","male",NA,NA,1,61730
"MADELEYN","female",NA,NA,1,223
"GREILIS","female",NA,NA,0.5,2
"ELOURDES",NA,NA,NA,0,0
"MARLENE","female",NA,NA,1,113762
"YUDELSI","female",NA,NA,1,2
"ANABELLA-PATRICIA",NA,NA,NA,0,0
"DENISSE","female",NA,NA,1,20393
"FRANYIR",NA,NA,NA,0,0
"DAELY","female",NA,NA,0.95,22
"ANMARY","female",NA,NA,0.96,23
"EUCARI",NA,NA,NA,0,0
